TimeStamp,Pressure,Temperature,Humidity,LEDStatus,Resistance,Vstart,Vend,Vint
06/10/2017 18:32:15,1020.74,27.64,35.61,OFF,2570.912598,1,3,0.1
06/10/2017 18:32:16,1020.73,27.64,35.61,OFF,2571.690430,1,3,0.1
06/10/2017 18:32:17,1020.75,27.64,35.61,OFF,2571.608154,1,3,0.1
06/10/2017 18:32:17,1020.74,27.64,35.61,OFF,2571.501465,1,3,0.1
06/10/2017 18:32:18,1020.77,27.65,35.61,OFF,2571.777344,1,3,0.1
06/10/2017 18:32:19,1020.79,27.65,35.61,OFF,2571.896973,1,3,0.1
06/10/2017 18:32:20,1020.74,27.64,35.61,OFF,2571.064697,1,3,0.1
06/10/2017 18:32:21,1020.78,27.64,35.61,OFF,2570.973633,1,3,0.1
06/10/2017 18:32:22,1020.77,27.64,35.60,OFF,2570.932617,1,3,0.1
06/10/2017 18:32:23,1020.75,27.64,35.60,OFF,2570.930664,1,3,0.1
06/10/2017 18:32:24,1020.71,27.64,35.60,OFF,2570.932373,1,3,0.1
06/10/2017 18:32:24,1020.77,27.64,35.60,OFF,2570.895020,1,3,0.1
06/10/2017 18:32:25,1020.70,27.64,35.61,OFF,2571.862793,1,3,0.1
06/10/2017 18:32:26,1020.76,27.64,35.60,OFF,2571.663086,1,3,0.1
06/10/2017 18:32:27,986.18,27.64,35.50,OFF,2571.694092,1,3,0.1
06/10/2017 18:32:28,941.09,27.61,35.08,OFF,2571.891113,1,3,0.1
06/10/2017 18:32:29,919.95,27.60,34.60,OFF,2572.013184,1,3,0.1
06/10/2017 18:32:30,911.15,27.61,34.23,OFF,2572.274902,1,3,0.1
06/10/2017 18:32:31,903.64,27.60,33.89,OFF,2572.712891,1,3,0.1
06/10/2017 18:32:32,900.90,27.61,33.67,OFF,2572.845703,1,3,0.1
06/10/2017 18:32:32,897.87,27.60,33.47,OFF,2572.184570,1,3,0.1
06/10/2017 18:32:33,896.17,27.60,33.34,OFF,2573.015137,1,3,0.1
06/10/2017 18:32:34,895.42,27.60,33.23,OFF,2572.891602,1,3,0.1
06/10/2017 18:32:35,893.58,27.60,33.14,OFF,2572.595703,1,3,0.1
06/10/2017 18:32:36,894.37,27.60,33.09,OFF,2572.681641,1,3,0.1
06/10/2017 18:32:37,892.77,27.60,33.05,OFF,2572.569580,1,3,0.1
06/10/2017 18:32:38,893.21,27.59,33.03,OFF,2572.643555,1,3,0.1
06/10/2017 18:32:39,892.34,27.59,33.00,OFF,2572.382324,1,3,0.1
06/10/2017 18:32:39,892.07,27.59,33.00,OFF,2572.523926,1,3,0.1
06/10/2017 18:32:40,892.40,27.59,32.99,OFF,2572.522949,1,3,0.1
06/10/2017 18:32:41,891.29,27.58,32.99,OFF,2573.361328,1,3,0.1
06/10/2017 18:32:42,892.57,27.58,33.00,OFF,2573.453857,1,3,0.1
06/10/2017 18:32:43,891.38,27.59,33.00,OFF,2573.317627,1,3,0.1
06/10/2017 18:32:44,891.50,27.59,33.02,OFF,2573.331299,1,3,0.1
06/10/2017 18:32:45,891.56,27.59,33.02,OFF,2573.156250,1,3,0.1
06/10/2017 18:32:46,890.84,27.58,33.03,OFF,2572.849609,1,3,0.1
06/10/2017 18:32:47,891.98,27.58,33.04,OFF,2572.670898,1,3,0.1
06/10/2017 18:32:47,890.89,27.58,33.05,OFF,2572.670166,1,3,0.1
06/10/2017 18:32:48,891.28,27.58,33.06,OFF,2572.742188,1,3,0.1
06/10/2017 18:32:49,891.25,27.58,33.07,OFF,2573.012939,1,3,0.1
06/10/2017 18:32:50,890.38,27.58,33.08,OFF,2573.541504,1,3,0.1
06/10/2017 18:32:51,891.63,27.58,33.09,OFF,2573.504150,1,3,0.1
06/10/2017 18:32:52,890.33,27.58,33.11,OFF,2573.494629,1,3,0.1
06/10/2017 18:32:53,890.98,27.58,33.13,OFF,2572.584229,1,3,0.1
06/10/2017 18:32:54,890.73,27.59,33.13,OFF,2572.601563,1,3,0.1
06/10/2017 18:32:54,890.14,27.58,33.15,OFF,2572.904785,1,3,0.1
06/10/2017 18:32:55,891.52,27.58,33.16,OFF,2572.547607,1,3,0.1
06/10/2017 18:32:56,890.51,27.59,33.18,OFF,2572.776611,1,3,0.1
06/10/2017 18:32:57,890.86,27.59,33.19,OFF,2572.700195,1,3,0.1
06/10/2017 18:32:58,891.12,27.59,33.20,OFF,2572.907227,1,3,0.1
06/10/2017 18:32:59,890.44,27.58,33.21,OFF,2573.372070,1,3,0.1
06/10/2017 18:33:00,891.47,27.59,33.22,OFF,2572.947266,1,3,0.1
06/10/2017 18:33:01,891.28,27.59,33.23,OFF,2573.111328,1,3,0.1
06/10/2017 18:33:01,890.45,27.59,33.23,OFF,2573.396484,1,3,0.1
06/10/2017 18:33:02,891.65,27.59,33.26,OFF,2573.144287,1,3,0.1
06/10/2017 18:33:03,891.10,27.59,33.26,OFF,2573.519775,1,3,0.1
06/10/2017 18:33:04,890.37,27.59,33.27,OFF,2572.622070,1,3,0.1
06/10/2017 18:33:05,891.70,27.59,33.28,OFF,2572.883301,1,3,0.1
06/10/2017 18:33:06,890.75,27.59,33.29,OFF,2572.599609,1,3,0.1
06/10/2017 18:33:07,890.90,27.59,33.29,OFF,2572.675293,1,3,0.1
06/10/2017 18:33:08,891.46,27.59,33.30,OFF,2572.906982,1,3,0.1
06/10/2017 18:33:09,890.14,27.59,33.30,OFF,2573.022461,1,3,0.1
06/10/2017 18:33:09,891.09,27.59,33.31,OFF,2573.253418,1,3,0.1
06/10/2017 18:33:10,890.53,27.58,33.32,OFF,2573.565674,1,3,0.1
06/10/2017 18:33:11,968.70,27.61,33.69,OFF,2573.171875,1,3,0.1
06/10/2017 18:33:12,1011.20,27.65,34.28,OFF,2573.347656,1,3,0.1
06/10/2017 18:33:13,1019.24,27.64,34.59,OFF,2572.482422,1,3,0.1
06/10/2017 18:33:14,1020.21,27.64,34.82,OFF,2572.077148,1,3,0.1
06/10/2017 18:33:15,1020.51,27.64,35.09,OFF,2571.844238,1,3,0.1
06/10/2017 18:33:16,1020.62,27.64,35.30,OFF,2571.995117,1,3,0.1
06/10/2017 18:33:16,1020.62,27.64,35.44,OFF,2571.838867,1,3,0.1
06/10/2017 18:33:17,1020.70,27.64,35.56,OFF,2572.145996,1,3,0.1
06/10/2017 18:33:18,1020.72,27.64,35.61,OFF,2572.538086,1,3,0.1
06/10/2017 18:33:19,1020.72,27.64,35.68,OFF,2571.755371,1,3,0.1
06/10/2017 18:33:20,1020.69,27.65,35.71,OFF,2571.396484,1,3,0.1
06/10/2017 18:33:21,1020.75,27.65,35.74,OFF,2571.535156,1,3,0.1
06/10/2017 18:33:22,1020.77,27.65,35.76,OFF,2571.579590,1,3,0.1
06/10/2017 18:33:23,1020.73,27.65,35.77,OFF,2571.380859,1,3,0.1
06/10/2017 18:33:24,1020.72,27.65,35.75,OFF,2571.328613,1,3,0.1
06/10/2017 18:33:24,1020.70,27.65,35.78,OFF,2572.321533,1,3,0.1
06/10/2017 18:33:25,1020.70,27.65,35.78,OFF,2572.134766,1,3,0.1
06/10/2017 18:33:26,1020.71,27.65,35.78,OFF,2572.017822,1,3,0.1
06/10/2017 18:33:27,1020.78,27.66,35.78,OFF,2572.237305,1,3,0.1
06/10/2017 18:33:28,1020.70,27.65,35.77,OFF,2571.573242,1,3,0.1
06/10/2017 18:33:29,1020.73,27.66,35.77,OFF,2571.500977,1,3,0.1
06/10/2017 18:33:30,1020.73,27.65,35.77,OFF,2571.885986,1,3,0.1
06/10/2017 18:33:31,1020.75,27.65,35.77,OFF,2571.586914,1,3,0.1
06/10/2017 18:33:31,1020.76,27.66,35.76,OFF,2571.609619,1,3,0.1
06/10/2017 18:33:32,1020.73,27.66,35.76,OFF,2572.329590,1,3,0.1
06/10/2017 18:33:33,1020.71,27.66,35.75,OFF,2571.562256,1,3,0.1
06/10/2017 18:33:34,1020.77,27.66,35.75,OFF,2571.650635,1,3,0.1
06/10/2017 18:33:35,1020.78,27.66,35.75,OFF,2571.179443,1,3,0.1
06/10/2017 18:33:36,1020.80,27.66,35.72,OFF,2571.438477,1,3,0.1
06/10/2017 18:33:37,1020.79,27.66,35.74,OFF,2571.296875,1,3,0.1
06/10/2017 18:33:38,1020.76,27.66,35.73,OFF,2571.219971,1,3,0.1
06/10/2017 18:33:38,1020.72,27.66,35.72,OFF,2571.151611,1,3,0.1
06/10/2017 18:33:39,1020.70,27.66,35.72,OFF,2571.594238,1,3,0.1
06/10/2017 18:33:40,1020.80,27.67,35.72,OFF,2572.056641,1,3,0.1
06/10/2017 18:33:41,1020.73,27.66,35.71,OFF,2571.834961,1,3,0.1
06/10/2017 18:33:42,1020.74,27.67,35.71,OFF,2572.107178,1,3,0.1
06/10/2017 18:33:43,1020.72,27.67,35.71,OFF,2571.527588,1,3,0.1
06/10/2017 18:33:44,1020.76,27.67,35.69,OFF,2571.247803,1,3,0.1
06/10/2017 18:33:45,1020.76,27.67,35.69,OFF,2571.150879,1,3,0.1
06/10/2017 18:33:46,1020.73,27.66,35.68,OFF,2571.094482,1,3,0.1
06/10/2017 18:33:46,1020.73,27.66,35.68,OFF,2571.515137,1,3,0.1
06/10/2017 18:33:47,1020.75,27.67,35.68,OFF,2571.359863,1,3,0.1
06/10/2017 18:33:48,1020.76,27.67,35.67,OFF,2571.361572,1,3,0.1
06/10/2017 18:33:49,1020.72,27.67,35.66,OFF,2572.043457,1,3,0.1
06/10/2017 18:33:50,959.46,27.65,35.38,OFF,2572.229004,1,3,0.1
06/10/2017 18:33:51,926.98,27.64,34.87,OFF,2572.507324,1,3,0.1
06/10/2017 18:33:52,912.03,27.64,34.44,OFF,2572.110840,1,3,0.1
06/10/2017 18:33:53,902.90,27.63,34.05,OFF,2572.260254,1,3,0.1
06/10/2017 18:33:54,899.58,27.64,33.78,OFF,2572.283203,1,3,0.1
06/10/2017 18:33:54,895.58,27.63,33.53,OFF,2572.488525,1,3,0.1
06/10/2017 18:33:55,893.29,27.63,33.35,OFF,2572.196777,1,3,0.1
06/10/2017 18:33:56,893.07,27.63,33.22,OFF,2572.767578,1,3,0.1
06/10/2017 18:33:57,891.25,27.63,33.12,OFF,2573.337891,1,3,0.1
06/10/2017 18:33:58,891.14,27.62,33.06,OFF,2573.417969,1,3,0.1
06/10/2017 18:33:59,890.96,27.62,33.00,OFF,2572.400391,1,3,0.1
06/10/2017 18:34:00,889.90,27.63,32.96,OFF,2572.400879,1,3,0.1
06/10/2017 18:34:01,891.11,27.62,32.95,OFF,2572.595215,1,3,0.1
06/10/2017 18:34:01,890.12,27.62,32.93,OFF,2572.645996,1,3,0.1
06/10/2017 18:34:02,889.66,27.62,32.93,OFF,2572.874512,1,3,0.1
06/10/2017 18:34:03,890.84,27.62,32.93,OFF,2573.278320,1,3,0.1
06/10/2017 18:34:04,889.71,27.63,32.93,OFF,2573.567383,1,3,0.1
06/10/2017 18:34:05,889.80,27.63,32.93,OFF,2573.422852,1,3,0.1
06/10/2017 18:34:06,889.72,27.62,32.92,OFF,2573.724609,1,3,0.1
06/10/2017 18:34:07,888.51,27.62,32.94,OFF,2572.949707,1,3,0.1
06/10/2017 18:34:08,889.16,27.62,32.95,OFF,2572.810791,1,3,0.1
06/10/2017 18:34:08,888.94,27.62,32.95,OFF,2572.841797,1,3,0.1
06/10/2017 18:34:09,888.10,27.61,32.96,OFF,2573.125000,1,3,0.1
06/10/2017 18:34:10,889.08,27.61,32.97,OFF,2573.759766,1,3,0.1
06/10/2017 18:34:11,888.46,27.62,32.98,OFF,2572.978516,1,3,0.1
06/10/2017 18:34:12,887.84,27.62,33.00,OFF,2573.522461,1,3,0.1
06/10/2017 18:34:13,888.97,27.62,33.01,OFF,2573.839844,1,3,0.1
06/10/2017 18:34:14,888.21,27.62,33.01,OFF,2573.945313,1,3,0.1
06/10/2017 18:34:15,887.91,27.62,33.02,OFF,2573.628906,1,3,0.1
06/10/2017 18:34:16,889.07,27.62,33.03,OFF,2573.075195,1,3,0.1
06/10/2017 18:34:16,888.46,27.62,33.04,OFF,2572.916016,1,3,0.1
06/10/2017 18:34:17,888.02,27.62,33.05,OFF,2573.188965,1,3,0.1
06/10/2017 18:34:18,889.12,27.62,33.06,OFF,2572.782471,1,3,0.1
06/10/2017 18:34:19,888.32,27.61,33.08,OFF,2573.227539,1,3,0.1
06/10/2017 18:34:20,888.03,27.62,33.09,OFF,2573.244141,1,3,0.1
06/10/2017 18:34:21,888.97,27.63,33.09,OFF,2573.770996,1,3,0.1
06/10/2017 18:34:22,962.89,27.65,33.44,OFF,2573.463623,1,3,0.1
06/10/2017 18:34:23,1007.31,27.67,34.03,OFF,2573.268066,1,3,0.1
06/10/2017 18:34:24,1018.92,27.66,34.49,OFF,2572.922607,1,3,0.1
06/10/2017 18:34:24,1020.19,27.66,34.81,OFF,2572.996582,1,3,0.1
06/10/2017 18:34:25,1020.46,27.66,35.06,OFF,2572.362793,1,3,0.1
06/10/2017 18:34:26,1020.64,27.67,35.25,OFF,2572.812988,1,3,0.1
06/10/2017 18:34:27,1020.68,27.67,35.40,OFF,2572.253418,1,3,0.1
06/10/2017 18:34:28,1020.67,27.67,35.48,OFF,2571.670898,1,3,0.1
06/10/2017 18:34:29,1020.75,27.67,35.53,OFF,2571.629150,1,3,0.1
06/10/2017 18:34:30,1020.68,27.68,35.59,OFF,2571.619141,1,3,0.1
06/10/2017 18:34:31,1020.74,27.68,35.62,OFF,2571.444092,1,3,0.1
06/10/2017 18:34:32,1020.71,27.68,35.64,OFF,2571.738770,1,3,0.1
06/10/2017 18:34:32,1020.71,27.68,35.66,OFF,2571.725098,1,3,0.1
06/10/2017 18:34:33,1020.71,27.68,35.66,OFF,2572.419434,1,3,0.1
06/10/2017 18:34:34,1020.73,27.68,35.67,OFF,2571.968018,1,3,0.1
06/10/2017 18:34:35,1020.70,27.68,35.67,OFF,2572.145020,1,3,0.1
06/10/2017 18:34:36,1020.68,27.68,35.67,OFF,2571.507080,1,3,0.1
06/10/2017 18:34:37,1020.74,27.68,35.67,OFF,2571.722168,1,3,0.1
06/10/2017 18:34:38,1020.72,27.68,35.67,OFF,2571.619385,1,3,0.1
06/10/2017 18:34:39,1020.71,27.68,35.67,OFF,2571.664307,1,3,0.1
06/10/2017 18:34:39,1020.69,27.68,35.66,OFF,2571.656982,1,3,0.1
06/10/2017 18:34:40,1020.69,27.68,35.66,OFF,2571.651367,1,3,0.1
06/10/2017 18:34:41,1020.73,27.69,35.65,OFF,2571.894775,1,3,0.1
06/10/2017 18:34:42,1020.70,27.69,35.65,OFF,2572.270020,1,3,0.1
06/10/2017 18:34:43,1020.73,27.69,35.64,OFF,2571.579590,1,3,0.1
06/10/2017 18:34:44,1020.70,27.69,35.64,OFF,2572.141113,1,3,0.1
06/10/2017 18:34:45,1020.78,27.68,35.64,OFF,2572.220215,1,3,0.1
06/10/2017 18:34:46,1020.74,27.69,35.63,OFF,2571.564941,1,3,0.1
06/10/2017 18:34:47,1020.73,27.69,35.63,OFF,2571.449219,1,3,0.1
06/10/2017 18:34:47,1020.70,27.69,35.62,OFF,2571.473633,1,3,0.1
06/10/2017 18:34:48,1020.77,27.69,35.62,OFF,2571.478027,1,3,0.1
06/10/2017 18:34:49,1020.73,27.69,35.60,OFF,2571.601807,1,3,0.1
06/10/2017 18:34:50,1020.76,27.69,35.60,OFF,2572.258301,1,3,0.1
06/10/2017 18:34:51,1020.72,27.69,35.60,OFF,2571.820313,1,3,0.1
06/10/2017 18:34:52,1020.73,27.69,35.59,OFF,2572.115234,1,3,0.1
06/10/2017 18:34:53,1020.72,27.69,35.59,OFF,2572.149414,1,3,0.1
06/10/2017 18:34:54,1020.81,27.69,35.58,OFF,2571.949707,1,3,0.1
06/10/2017 18:34:54,1020.76,27.69,35.58,OFF,2571.257324,1,3,0.1
06/10/2017 18:34:55,1020.77,27.70,35.58,OFF,2572.068359,1,3,0.1
06/10/2017 18:34:56,1020.68,27.69,35.57,OFF,2571.116699,1,3,0.1
06/10/2017 18:34:57,1020.71,27.70,35.56,OFF,2571.177734,1,3,0.1
06/10/2017 18:34:58,1020.80,27.70,35.56,OFF,2571.345947,1,3,0.1
06/10/2017 18:34:59,1020.77,27.70,35.55,OFF,2571.521973,1,3,0.1
06/10/2017 18:35:00,1020.75,27.70,35.56,OFF,2572.174316,1,3,0.1
06/10/2017 18:35:01,1020.72,27.70,35.55,OFF,2571.809570,1,3,0.1
06/10/2017 18:35:02,1020.75,27.70,35.54,OFF,2572.070313,1,3,0.1
06/10/2017 18:35:02,1020.74,27.70,35.54,OFF,2571.597900,1,3,0.1
06/10/2017 18:35:03,1020.72,27.70,35.54,OFF,2571.358398,1,3,0.1
06/10/2017 18:35:04,1020.68,27.70,35.53,OFF,2572.086426,1,3,0.1
06/10/2017 18:35:05,1020.72,27.70,35.53,OFF,2571.630371,1,3,0.1
06/10/2017 18:35:06,1020.74,27.70,35.53,OFF,2571.764648,1,3,0.1
06/10/2017 18:35:07,1020.79,27.70,35.53,OFF,2571.531250,1,3,0.1
06/10/2017 18:35:08,1020.71,27.70,35.49,OFF,2572.283691,1,3,0.1
06/10/2017 18:35:09,1020.73,27.70,35.51,OFF,2572.074707,1,3,0.1
06/10/2017 18:35:09,1020.74,27.70,35.50,OFF,2571.961914,1,3,0.1
06/10/2017 18:35:10,1020.74,27.71,35.50,OFF,2571.434570,1,3,0.1
06/10/2017 18:35:11,1020.73,27.71,35.50,OFF,2571.178711,1,3,0.1
06/10/2017 18:35:12,1020.73,27.71,35.50,OFF,2571.617188,1,3,0.1
06/10/2017 18:35:13,1020.73,27.71,35.49,OFF,2571.545898,1,3,0.1
06/10/2017 18:35:14,1020.70,27.71,35.50,OFF,2571.481445,1,3,0.1
06/10/2017 18:35:15,1020.77,27.71,35.49,OFF,2571.463379,1,3,0.1
06/10/2017 18:35:16,1020.66,27.71,35.49,OFF,2571.489014,1,3,0.1
06/10/2017 18:35:16,1020.76,27.71,35.48,OFF,2571.526855,1,3,0.1
06/10/2017 18:35:17,1020.73,27.71,35.48,OFF,2571.331787,1,3,0.1
06/10/2017 18:35:18,1020.72,27.71,35.48,OFF,2571.436035,1,3,0.1
06/10/2017 18:35:19,1020.76,27.71,35.48,OFF,2571.126709,1,3,0.1
06/10/2017 18:35:20,1020.78,27.71,35.47,OFF,2571.243164,1,3,0.1
06/10/2017 18:35:21,1020.76,27.71,35.48,OFF,2571.200195,1,3,0.1
06/10/2017 18:35:22,1020.80,27.72,35.47,OFF,2571.337402,1,3,0.1
06/10/2017 18:35:23,1020.75,27.71,35.47,OFF,2571.331055,1,3,0.1
06/10/2017 18:35:24,1020.76,27.71,35.46,OFF,2571.293945,1,3,0.1
06/10/2017 18:35:24,1020.76,27.72,35.47,OFF,2571.477539,1,3,0.1
06/10/2017 18:35:25,1020.72,27.72,35.46,OFF,2571.198486,1,3,0.1
06/10/2017 18:35:26,1020.73,27.72,35.46,OFF,2571.587402,1,3,0.1
06/10/2017 18:35:27,1020.74,27.72,35.46,OFF,2571.526855,1,3,0.1
06/10/2017 18:35:28,1020.75,27.71,35.46,OFF,2571.574707,1,3,0.1
06/10/2017 18:35:29,1020.71,27.71,35.46,OFF,2571.596191,1,3,0.1
06/10/2017 18:35:30,1020.74,27.71,35.46,OFF,2571.952637,1,3,0.1
06/10/2017 18:35:31,1020.69,27.72,35.45,OFF,2571.181152,1,3,0.1
06/10/2017 18:35:31,958.97,27.70,35.16,OFF,2572.197754,1,3,0.1
06/10/2017 18:35:32,925.48,27.68,34.65,OFF,2572.595703,1,3,0.1
06/10/2017 18:35:33,910.06,27.68,34.18,OFF,2572.381348,1,3,0.1
06/10/2017 18:35:34,901.12,27.68,33.81,OFF,2572.839355,1,3,0.1
06/10/2017 18:35:35,895.37,27.68,33.50,OFF,2572.194336,1,3,0.1
06/10/2017 18:35:36,892.41,27.68,33.28,OFF,2573.262207,1,3,0.1
06/10/2017 18:35:37,891.25,27.68,33.10,OFF,2572.817383,1,3,0.1
06/10/2017 18:35:38,889.54,27.68,32.98,OFF,2573.032959,1,3,0.1
06/10/2017 18:35:39,888.29,27.68,32.89,OFF,2573.523926,1,3,0.1
06/10/2017 18:35:39,887.75,27.67,32.82,OFF,2573.235352,1,3,0.1
06/10/2017 18:35:40,888.61,27.68,32.77,OFF,2573.115234,1,3,0.1
06/10/2017 18:35:41,888.00,27.67,32.75,OFF,2572.626953,1,3,0.1
06/10/2017 18:35:42,887.03,27.67,32.73,OFF,2572.612793,1,3,0.1
06/10/2017 18:35:43,887.40,27.67,32.72,OFF,2572.861816,1,3,0.1
06/10/2017 18:35:44,888.23,27.67,32.72,OFF,2572.777344,1,3,0.1
06/10/2017 18:35:45,887.44,27.67,32.72,OFF,2572.745361,1,3,0.1
06/10/2017 18:35:46,886.86,27.67,32.72,OFF,2572.781494,1,3,0.1
06/10/2017 18:35:47,887.14,27.67,32.73,OFF,2572.787109,1,3,0.1
06/10/2017 18:35:47,888.04,27.67,32.74,OFF,2572.931641,1,3,0.1
06/10/2017 18:35:48,887.21,27.67,32.73,OFF,2572.826904,1,3,0.1
06/10/2017 18:35:49,886.64,27.66,32.76,OFF,2573.070801,1,3,0.1
06/10/2017 18:35:50,886.79,27.67,32.77,OFF,2572.949707,1,3,0.1
06/10/2017 18:35:51,887.89,27.67,32.78,OFF,2572.823486,1,3,0.1
06/10/2017 18:35:52,887.26,27.67,32.79,OFF,2573.125000,1,3,0.1
06/10/2017 18:35:53,886.65,27.67,32.81,OFF,2573.169434,1,3,0.1
06/10/2017 18:35:54,887.37,27.67,32.82,OFF,2572.872314,1,3,0.1
06/10/2017 18:35:54,887.91,27.67,32.83,OFF,2572.851318,1,3,0.1
06/10/2017 18:35:55,887.30,27.67,32.84,OFF,2573.160645,1,3,0.1
06/10/2017 18:35:56,886.46,27.66,32.85,OFF,2573.216553,1,3,0.1
06/10/2017 18:35:57,887.08,27.66,32.87,OFF,2573.455566,1,3,0.1
06/10/2017 18:35:58,887.78,27.67,32.89,OFF,2573.829590,1,3,0.1
06/10/2017 18:35:59,887.04,27.66,32.90,OFF,2573.439453,1,3,0.1
06/10/2017 18:36:00,886.57,27.66,32.93,OFF,2573.844727,1,3,0.1
06/10/2017 18:36:01,887.54,27.66,32.92,OFF,2573.536865,1,3,0.1
06/10/2017 18:36:02,887.81,27.66,32.92,OFF,2573.495605,1,3,0.1
06/10/2017 18:36:02,887.06,27.66,32.93,OFF,2573.756348,1,3,0.1
06/10/2017 18:36:03,886.52,27.67,32.94,OFF,2572.956543,1,3,0.1
06/10/2017 18:36:04,886.83,27.66,32.95,OFF,2572.845215,1,3,0.1
06/10/2017 18:36:05,887.70,27.66,32.97,OFF,2573.495605,1,3,0.1
06/10/2017 18:36:06,887.41,27.66,32.98,OFF,2573.770508,1,3,0.1
06/10/2017 18:36:07,886.54,27.67,32.99,OFF,2573.821289,1,3,0.1
06/10/2017 18:36:08,887.02,27.66,32.99,OFF,2573.959717,1,3,0.1
06/10/2017 18:36:09,887.85,27.66,33.00,OFF,2573.446289,1,3,0.1
06/10/2017 18:36:09,887.25,27.66,33.01,OFF,2573.966309,1,3,0.1
06/10/2017 18:36:10,886.61,27.67,33.02,OFF,2573.445068,1,3,0.1
06/10/2017 18:36:11,887.50,27.67,33.03,OFF,2573.517578,1,3,0.1
06/10/2017 18:36:12,887.82,27.67,33.03,OFF,2573.937012,1,3,0.1
06/10/2017 18:36:13,887.19,27.67,33.04,OFF,2573.386475,1,3,0.1
06/10/2017 18:36:14,886.51,27.66,33.04,OFF,2573.524902,1,3,0.1
06/10/2017 18:36:15,887.30,27.67,33.06,OFF,2573.378906,1,3,0.1
06/10/2017 18:36:16,887.65,27.67,33.06,OFF,2572.888672,1,3,0.1
06/10/2017 18:36:17,886.96,27.67,33.07,OFF,2573.138672,1,3,0.1
06/10/2017 18:36:17,886.43,27.67,33.07,OFF,2572.857666,1,3,0.1
06/10/2017 18:36:18,887.59,27.67,33.08,OFF,2572.941895,1,3,0.1
06/10/2017 18:36:19,887.59,27.67,33.09,OFF,2573.031250,1,3,0.1
06/10/2017 18:36:20,886.55,27.67,33.09,OFF,2573.042236,1,3,0.1
06/10/2017 18:36:21,886.57,27.67,33.10,OFF,2572.743408,1,3,0.1
06/10/2017 18:36:22,887.55,27.67,33.11,OFF,2572.788086,1,3,0.1
06/10/2017 18:36:23,887.61,27.67,33.11,OFF,2572.836426,1,3,0.1
06/10/2017 18:36:24,886.43,27.67,33.11,OFF,2572.888672,1,3,0.1
06/10/2017 18:36:24,886.60,27.67,33.13,OFF,2572.984375,1,3,0.1
06/10/2017 18:36:25,887.61,27.67,33.13,OFF,2572.875244,1,3,0.1
06/10/2017 18:36:26,886.93,27.67,33.13,OFF,2573.790039,1,3,0.1
06/10/2017 18:36:27,886.37,27.67,33.14,OFF,2573.173340,1,3,0.1
06/10/2017 18:36:28,887.51,27.67,33.15,OFF,2573.237793,1,3,0.1
06/10/2017 18:36:29,887.49,27.67,33.15,OFF,2573.743408,1,3,0.1
06/10/2017 18:36:30,886.38,27.67,33.15,OFF,2573.111328,1,3,0.1
06/10/2017 18:36:31,887.04,27.67,33.15,OFF,2573.788574,1,3,0.1
06/10/2017 18:36:32,888.09,27.67,33.16,OFF,2573.283691,1,3,0.1
06/10/2017 18:36:32,887.91,27.67,33.17,OFF,2572.859375,1,3,0.1
06/10/2017 18:36:33,887.36,27.67,33.17,OFF,2573.851074,1,3,0.1
06/10/2017 18:36:34,887.98,27.67,33.18,OFF,2572.777344,1,3,0.1
06/10/2017 18:36:35,888.53,27.67,33.18,OFF,2573.649902,1,3,0.1
06/10/2017 18:36:36,887.84,27.67,33.19,OFF,2573.607910,1,3,0.1
06/10/2017 18:36:37,887.06,27.67,33.19,OFF,2573.847168,1,3,0.1
06/10/2017 18:36:38,887.87,27.67,33.19,OFF,2573.876465,1,3,0.1
06/10/2017 18:36:39,887.93,27.67,33.20,OFF,2573.560547,1,3,0.1
06/10/2017 18:36:40,890.27,27.68,33.21,OFF,2572.854004,1,3,0.1
06/10/2017 18:36:40,980.46,27.70,33.72,OFF,2573.366699,1,3,0.1
06/10/2017 18:36:41,1013.92,27.73,34.24,OFF,2573.372803,1,3,0.1
06/10/2017 18:36:42,1019.58,27.73,34.56,OFF,2573.040771,1,3,0.1
06/10/2017 18:36:43,1020.24,27.72,34.85,OFF,2572.879395,1,3,0.1
06/10/2017 18:36:44,1020.48,27.73,35.04,OFF,2572.770508,1,3,0.1
06/10/2017 18:36:45,1020.55,27.72,35.24,OFF,2572.699707,1,3,0.1
06/10/2017 18:36:46,1020.57,27.73,35.38,OFF,2572.664551,1,3,0.1
06/10/2017 18:36:47,1020.69,27.73,35.47,OFF,2572.611816,1,3,0.1
06/10/2017 18:36:47,1020.65,27.73,35.53,OFF,2572.640381,1,3,0.1
06/10/2017 18:36:48,1020.66,27.73,35.58,OFF,2572.118164,1,3,0.1
06/10/2017 18:36:49,1020.66,27.74,35.62,OFF,2572.095215,1,3,0.1
06/10/2017 18:36:50,1020.72,27.74,35.63,OFF,2571.860840,1,3,0.1
06/10/2017 18:36:51,1020.71,27.74,35.67,OFF,2572.547607,1,3,0.1
06/10/2017 18:36:52,1020.74,27.74,35.67,OFF,2571.482910,1,3,0.1
06/10/2017 18:36:53,1020.69,27.74,35.68,OFF,2571.770996,1,3,0.1
06/10/2017 18:36:54,1020.73,27.74,35.69,OFF,2571.544434,1,3,0.1
06/10/2017 18:36:54,1020.75,27.74,35.68,OFF,2571.388672,1,3,0.1
06/10/2017 18:36:55,1020.67,27.74,35.67,OFF,2571.446289,1,3,0.1
06/10/2017 18:36:56,1021.10,27.74,35.68,OFF,2571.291016,1,3,0.1
06/10/2017 18:36:57,1020.98,27.74,35.68,OFF,2571.568359,1,3,0.1
06/10/2017 18:36:58,1020.90,27.75,35.67,OFF,2571.675537,1,3,0.1
06/10/2017 18:36:59,1020.85,27.75,35.66,OFF,2571.206787,1,3,0.1
06/10/2017 18:37:00,1020.79,27.75,35.65,OFF,2571.376465,1,3,0.1
06/10/2017 18:37:01,1020.79,27.75,35.64,OFF,2571.732910,1,3,0.1
06/10/2017 18:37:02,1156.52,27.79,36.25,OFF,2571.990723,1,3,0.1
06/10/2017 18:37:02,1293.35,27.86,37.47,OFF,2571.780273,1,3,0.1
06/10/2017 18:37:03,1414.97,27.91,38.66,OFF,2571.288574,1,3,0.1
06/10/2017 18:37:04,1513.84,27.94,39.66,OFF,2570.791504,1,3,0.1
06/10/2017 18:37:05,1612.86,27.98,40.58,OFF,2570.354980,1,3,0.1
06/10/2017 18:37:06,1701.01,28.00,41.66,OFF,2570.009277,1,3,0.1
06/10/2017 18:37:07,1705.25,28.03,42.62,OFF,2569.364746,1,3,0.1
06/10/2017 18:37:08,1705.32,28.05,43.78,OFF,2568.365234,1,3,0.1
06/10/2017 18:37:09,1705.39,28.08,44.89,OFF,2568.006348,1,3,0.1
06/10/2017 18:37:10,1705.46,28.11,45.79,OFF,2567.322266,1,3,0.1
06/10/2017 18:37:10,1705.53,28.13,46.69,OFF,2566.361084,1,3,0.1
06/10/2017 18:37:11,1705.58,28.15,47.51,OFF,2566.402588,1,3,0.1
06/10/2017 18:37:12,1705.63,28.17,48.20,OFF,2565.970215,1,3,0.1
06/10/2017 18:37:13,1705.69,28.20,48.78,OFF,2564.942871,1,3,0.1
06/10/2017 18:37:14,1705.75,28.22,49.30,OFF,2564.871094,1,3,0.1
06/10/2017 18:37:15,1705.80,28.24,49.72,OFF,2564.051514,1,3,0.1
06/10/2017 18:37:16,1705.85,28.26,50.14,OFF,2563.917969,1,3,0.1
06/10/2017 18:37:17,1705.91,28.28,50.51,OFF,2563.364258,1,3,0.1
06/10/2017 18:37:17,1705.96,28.30,50.80,OFF,2563.109375,1,3,0.1
06/10/2017 18:37:18,1706.01,28.32,50.93,OFF,2563.221436,1,3,0.1
06/10/2017 18:37:19,1706.06,28.34,51.14,OFF,2562.818604,1,3,0.1
06/10/2017 18:37:20,1706.10,28.35,51.39,OFF,2562.402344,1,3,0.1
06/10/2017 18:37:21,1706.13,28.36,51.62,OFF,2562.317871,1,3,0.1
06/10/2017 18:37:22,1706.15,28.37,51.66,OFF,2562.256348,1,3,0.1
06/10/2017 18:37:23,1706.13,28.36,51.55,OFF,2561.798340,1,3,0.1
06/10/2017 18:37:24,1706.11,28.35,51.34,OFF,2561.696777,1,3,0.1
06/10/2017 18:37:25,1706.11,28.35,51.06,OFF,2561.911865,1,3,0.1
06/10/2017 18:37:25,1706.11,28.35,50.75,OFF,2561.712891,1,3,0.1
06/10/2017 18:37:26,1706.10,28.35,50.40,OFF,2561.599365,1,3,0.1
06/10/2017 18:37:27,1706.08,28.34,50.05,OFF,2561.660645,1,3,0.1
06/10/2017 18:37:28,1706.07,28.34,49.65,OFF,2561.932129,1,3,0.1
06/10/2017 18:37:29,1706.05,28.33,49.25,OFF,2562.233643,1,3,0.1
06/10/2017 18:37:30,1706.04,28.33,48.88,OFF,2562.277832,1,3,0.1
06/10/2017 18:37:31,1706.02,28.32,48.49,OFF,2562.082275,1,3,0.1
06/10/2017 18:37:32,1706.00,28.31,48.08,OFF,2563.094971,1,3,0.1
06/10/2017 18:37:33,1705.98,28.31,47.69,OFF,2562.913574,1,3,0.1
06/10/2017 18:37:33,1705.97,28.30,47.30,OFF,2563.051758,1,3,0.1
06/10/2017 18:37:34,1705.95,28.29,46.96,OFF,2562.507080,1,3,0.1
06/10/2017 18:37:35,1705.93,28.29,46.60,OFF,2563.084961,1,3,0.1
06/10/2017 18:37:36,1705.91,28.28,46.27,OFF,2563.552734,1,3,0.1
06/10/2017 18:37:37,1705.90,28.28,45.95,OFF,2563.718750,1,3,0.1
06/10/2017 18:37:38,1705.87,28.26,45.63,OFF,2563.905029,1,3,0.1
06/10/2017 18:37:39,1705.85,28.26,45.35,OFF,2563.715820,1,3,0.1
06/10/2017 18:37:40,1705.84,28.25,45.06,OFF,2564.160645,1,3,0.1
06/10/2017 18:37:40,1705.83,28.25,44.80,OFF,2563.739258,1,3,0.1
06/10/2017 18:37:41,1705.81,28.24,44.53,OFF,2563.545410,1,3,0.1
06/10/2017 18:37:42,1705.79,28.23,44.26,OFF,2563.592529,1,3,0.1
06/10/2017 18:37:43,1705.78,28.23,44.01,OFF,2564.143066,1,3,0.1
06/10/2017 18:37:44,1705.76,28.22,43.80,OFF,2564.283203,1,3,0.1
06/10/2017 18:37:45,1705.73,28.21,43.57,OFF,2564.250977,1,3,0.1
06/10/2017 18:37:46,1705.72,28.21,43.36,OFF,2564.451904,1,3,0.1
06/10/2017 18:37:47,1705.70,28.20,43.16,OFF,2564.457275,1,3,0.1
06/10/2017 18:37:47,1705.69,28.19,42.95,OFF,2564.617188,1,3,0.1
06/10/2017 18:37:48,1705.67,28.19,42.77,OFF,2564.576172,1,3,0.1
06/10/2017 18:37:49,1705.67,28.19,42.58,OFF,2564.682617,1,3,0.1
06/10/2017 18:37:50,1701.86,28.18,42.39,OFF,2565.943359,1,3,0.1
06/10/2017 18:37:51,1689.96,28.18,42.21,OFF,2565.900879,1,3,0.1
06/10/2017 18:37:52,1678.27,28.17,42.03,OFF,2565.168701,1,3,0.1
06/10/2017 18:37:53,1667.77,28.17,41.84,OFF,2565.417969,1,3,0.1
06/10/2017 18:37:54,1656.34,28.17,41.66,OFF,2565.414551,1,3,0.1
06/10/2017 18:37:55,1645.25,28.16,41.49,OFF,2565.617676,1,3,0.1
06/10/2017 18:37:55,1635.03,28.16,41.33,OFF,2565.864746,1,3,0.1
06/10/2017 18:37:56,1624.24,28.15,41.16,OFF,2566.000977,1,3,0.1
06/10/2017 18:37:57,1613.59,28.15,40.99,OFF,2566.224121,1,3,0.1
06/10/2017 18:37:58,1603.91,28.14,40.84,OFF,2566.052734,1,3,0.1
06/10/2017 18:37:59,1593.54,28.14,40.67,OFF,2566.582275,1,3,0.1
06/10/2017 18:38:00,1496.46,28.12,40.20,OFF,2566.720703,1,3,0.1
06/10/2017 18:38:01,1345.42,28.06,39.30,OFF,2568.082275,1,3,0.1
06/10/2017 18:38:02,1156.62,27.99,37.75,OFF,2568.472168,1,3,0.1
06/10/2017 18:38:03,1038.10,27.94,36.07,OFF,2569.076904,1,3,0.1
06/10/2017 18:38:03,1021.45,27.92,34.41,OFF,2569.472900,1,3,0.1
06/10/2017 18:38:04,1021.12,27.94,33.51,OFF,2571.093262,1,3,0.1
06/10/2017 18:38:05,1021.02,27.94,32.84,OFF,2571.281738,1,3,0.1
06/10/2017 18:38:06,1021.06,27.94,32.43,OFF,2571.904785,1,3,0.1
06/10/2017 18:38:07,1021.10,27.94,32.18,OFF,2571.338379,1,3,0.1
06/10/2017 18:38:08,1021.40,27.93,32.01,OFF,2572.592041,1,3,0.1
06/10/2017 18:38:09,1021.59,27.93,31.88,OFF,2572.304688,1,3,0.1
06/10/2017 18:38:10,1021.62,27.92,31.80,OFF,2573.052246,1,3,0.1
06/10/2017 18:38:10,1021.65,27.91,31.76,OFF,2572.921875,1,3,0.1
06/10/2017 18:38:11,1021.59,27.91,31.72,OFF,2573.087402,1,3,0.1
06/10/2017 18:38:12,1021.53,27.91,31.71,OFF,2573.191162,1,3,0.1
06/10/2017 18:38:13,1021.41,27.91,31.70,OFF,2573.516602,1,3,0.1
06/10/2017 18:38:14,1021.36,27.90,31.71,OFF,2573.589111,1,3,0.1
06/10/2017 18:38:15,1021.34,27.90,31.73,OFF,2573.794434,1,3,0.1
06/10/2017 18:38:16,1021.26,27.90,31.73,OFF,2573.708008,1,3,0.1
06/10/2017 18:38:17,1021.27,27.89,31.78,OFF,2573.733643,1,3,0.1
06/10/2017 18:38:18,1021.23,27.89,31.81,OFF,2573.867188,1,3,0.1
06/10/2017 18:38:18,1021.16,27.89,31.86,OFF,2573.480469,1,3,0.1
06/10/2017 18:38:19,1021.11,27.89,31.88,OFF,2572.866455,1,3,0.1
06/10/2017 18:38:20,1021.14,27.89,31.92,OFF,2573.343750,1,3,0.1
06/10/2017 18:38:21,1021.08,27.88,31.96,OFF,2572.974609,1,3,0.1
06/10/2017 18:38:22,1021.12,27.89,31.99,OFF,2572.989990,1,3,0.1
06/10/2017 18:38:23,1021.02,27.88,32.04,OFF,2573.958008,1,3,0.1
06/10/2017 18:38:24,1058.82,27.89,32.14,OFF,2573.476563,1,3,0.1
06/10/2017 18:38:25,1225.71,27.96,33.02,OFF,2572.141602,1,3,0.1
06/10/2017 18:38:26,1354.17,28.02,34.22,OFF,2571.760986,1,3,0.1
06/10/2017 18:38:26,1456.61,28.06,35.54,OFF,2570.809326,1,3,0.1
06/10/2017 18:38:27,1558.96,28.09,37.07,OFF,2569.894775,1,3,0.1
06/10/2017 18:38:28,1647.04,28.12,38.35,OFF,2569.275879,1,3,0.1
06/10/2017 18:38:29,1705.55,28.14,39.57,OFF,2568.765137,1,3,0.1
06/10/2017 18:38:30,1705.59,28.16,40.61,OFF,2568.176270,1,3,0.1
06/10/2017 18:38:31,1705.65,28.18,41.71,OFF,2567.626465,1,3,0.1
06/10/2017 18:38:32,1705.71,28.20,42.77,OFF,2566.840332,1,3,0.1
06/10/2017 18:38:33,1705.79,28.23,43.79,OFF,2566.211182,1,3,0.1
06/10/2017 18:38:33,1705.88,28.27,44.69,OFF,2566.119141,1,3,0.1
06/10/2017 18:38:34,1705.94,28.29,45.48,OFF,2565.496094,1,3,0.1
06/10/2017 18:38:35,1705.99,28.31,46.20,OFF,2564.996094,1,3,0.1
06/10/2017 18:38:36,1706.02,28.32,46.83,OFF,2564.376221,1,3,0.1
06/10/2017 18:38:37,1706.06,28.34,47.30,OFF,2564.056152,1,3,0.1
06/10/2017 18:38:38,1706.07,28.34,47.52,OFF,2563.421387,1,3,0.1
06/10/2017 18:38:39,1706.05,28.33,47.51,OFF,2562.954102,1,3,0.1
06/10/2017 18:38:40,1706.06,28.34,47.48,OFF,2562.913574,1,3,0.1
06/10/2017 18:38:41,1706.06,28.34,47.36,OFF,2562.964355,1,3,0.1
06/10/2017 18:38:41,1706.05,28.33,47.19,OFF,2563.002686,1,3,0.1
06/10/2017 18:38:42,1706.05,28.33,46.95,OFF,2563.812744,1,3,0.1
06/10/2017 18:38:43,1706.04,28.33,46.66,OFF,2562.670166,1,3,0.1
06/10/2017 18:38:44,1706.03,28.33,46.36,OFF,2563.414551,1,3,0.1
06/10/2017 18:38:45,1680.62,28.25,45.08,OFF,2563.978516,1,3,0.1
06/10/2017 18:38:46,1435.35,28.16,43.37,OFF,2566.226074,1,3,0.1
06/10/2017 18:38:47,1120.06,28.05,40.50,OFF,2566.793457,1,3,0.1
06/10/2017 18:38:48,1022.07,28.04,37.87,OFF,2567.339844,1,3,0.1
06/10/2017 18:38:48,1021.26,28.06,35.80,OFF,2568.124023,1,3,0.1
06/10/2017 18:38:49,1021.14,28.07,34.54,OFF,2569.148438,1,3,0.1
06/10/2017 18:38:50,1021.05,28.06,33.77,OFF,2570.046875,1,3,0.1
06/10/2017 18:38:51,1021.05,28.06,33.17,OFF,2570.677246,1,3,0.1
06/10/2017 18:38:52,1020.97,28.06,32.75,OFF,2570.904297,1,3,0.1
06/10/2017 18:38:53,1021.03,28.05,32.46,OFF,2571.404785,1,3,0.1
06/10/2017 18:38:54,1021.05,28.05,32.22,OFF,2571.991943,1,3,0.1
06/10/2017 18:38:55,1021.19,28.04,32.07,OFF,2572.067383,1,3,0.1
06/10/2017 18:38:56,1021.24,28.03,31.96,OFF,2571.593018,1,3,0.1
06/10/2017 18:38:56,1021.29,28.03,31.87,OFF,2572.795654,1,3,0.1
06/10/2017 18:38:57,1021.32,28.03,31.83,OFF,2572.263672,1,3,0.1
06/10/2017 18:38:58,1021.29,28.02,31.81,OFF,2572.261719,1,3,0.1
06/10/2017 18:38:59,1021.30,28.02,31.80,OFF,2572.310059,1,3,0.1
06/10/2017 18:39:00,1021.26,28.02,31.80,OFF,2572.427490,1,3,0.1
06/10/2017 18:39:01,1021.40,28.01,31.82,OFF,2572.630371,1,3,0.1
06/10/2017 18:39:02,1021.25,28.01,31.84,OFF,2573.057129,1,3,0.1
06/10/2017 18:39:03,1021.23,28.01,31.87,OFF,2573.026855,1,3,0.1
06/10/2017 18:39:03,1020.99,28.01,31.90,OFF,2573.255127,1,3,0.1
06/10/2017 18:39:04,1020.97,28.01,31.93,OFF,2573.834473,1,3,0.1
06/10/2017 18:39:05,1020.93,28.00,31.98,OFF,2573.514160,1,3,0.1
06/10/2017 18:39:06,1020.92,28.01,31.98,OFF,2573.904297,1,3,0.1
06/10/2017 18:39:07,1020.97,28.00,32.05,OFF,2573.594727,1,3,0.1
06/10/2017 18:39:08,1020.88,28.00,32.08,OFF,2573.769043,1,3,0.1
06/10/2017 18:39:09,1020.88,28.00,32.11,OFF,2573.800293,1,3,0.1
06/10/2017 18:39:10,1020.83,28.00,32.15,OFF,2573.782959,1,3,0.1
06/10/2017 18:39:11,1020.91,28.00,32.18,OFF,2573.751953,1,3,0.1
06/10/2017 18:39:11,1020.96,28.00,32.23,OFF,2573.401611,1,3,0.1
06/10/2017 18:39:12,1020.92,28.01,32.26,OFF,2573.848877,1,3,0.1
06/10/2017 18:39:13,1020.97,28.00,32.29,OFF,2573.797363,1,3,0.1
06/10/2017 18:39:14,1020.98,28.00,32.31,OFF,2573.841553,1,3,0.1
06/10/2017 18:39:15,1021.02,28.00,32.35,OFF,2572.938965,1,3,0.1
06/10/2017 18:39:16,1020.84,28.00,32.38,OFF,2572.961426,1,3,0.1
06/10/2017 18:39:17,1020.89,28.00,32.41,OFF,2573.647217,1,3,0.1
06/10/2017 18:39:18,1021.02,28.00,32.43,OFF,2573.594727,1,3,0.1
06/10/2017 18:39:18,1021.05,28.00,32.47,OFF,2573.716064,1,3,0.1
06/10/2017 18:39:19,1020.84,28.00,32.48,OFF,2573.791016,1,3,0.1
06/10/2017 18:39:20,1020.92,28.00,32.50,OFF,2573.614746,1,3,0.1
06/10/2017 18:39:21,1020.88,28.00,32.52,OFF,2573.485840,1,3,0.1
06/10/2017 18:39:22,1020.98,28.00,32.55,OFF,2573.488281,1,3,0.1
06/10/2017 18:39:23,1020.95,28.00,32.58,OFF,2573.770752,1,3,0.1
06/10/2017 18:39:24,1020.95,28.00,32.59,OFF,2573.528809,1,3,0.1
06/10/2017 18:39:25,1020.92,28.00,32.61,OFF,2573.709229,1,3,0.1
06/10/2017 18:39:25,1021.00,28.00,32.64,OFF,2573.474854,1,3,0.1
06/10/2017 18:39:26,1021.05,28.00,32.66,OFF,2573.785645,1,3,0.1
06/10/2017 18:39:27,1020.88,28.00,32.68,OFF,2573.787354,1,3,0.1
06/10/2017 18:39:28,1020.90,27.99,32.69,OFF,2573.616211,1,3,0.1
06/10/2017 18:39:29,1020.77,27.99,32.72,OFF,2572.959961,1,3,0.1
06/10/2017 18:39:30,1020.86,28.00,32.74,OFF,2572.865234,1,3,0.1
06/10/2017 18:39:31,1020.89,28.00,32.75,OFF,2573.403809,1,3,0.1
06/10/2017 18:39:32,1020.95,28.00,32.76,OFF,2573.369141,1,3,0.1
06/10/2017 18:39:32,1020.95,28.00,32.79,OFF,2573.838379,1,3,0.1
06/10/2017 18:39:33,1020.84,28.00,32.81,OFF,2573.854980,1,3,0.1
06/10/2017 18:39:34,1020.96,27.99,32.82,OFF,2573.663330,1,3,0.1
06/10/2017 18:39:35,1020.89,27.99,32.83,OFF,2572.869141,1,3,0.1
06/10/2017 18:39:36,1021.16,27.99,32.85,OFF,2573.688965,1,3,0.1
